Unnamed: 0,Date,Day of Week,Is Weekday,Is Weekend,Calories Burned,Calories BMR,Steps,Distance (Km),Elevation (Ft),Resting Heart Rate,Floors,Minutes Sedentary,Minutes Lightly Active,Minutes Fairly Active,Minutes Very Active,Activity Calories,Active Score,Cardio minutes,Cardio calories,Fat Burn minutes,Fat Burn calories,Peak minutes,Peak calories,Normal Cardio calories,Normal Cardio minutes,Sleep Efficiency,Minutes Asleep,Minutes to fall asleep,Sleep Start time,Sleep End time,Time in bed,Minutes Deep sleep,Deep sleep count,Minutes Light sleep,Light sleep count,Minutes REM sleep,REM sleep count,Minutes Awake,Minutes Awake count,% Deep sleep,% Light sleep,% REM sleep,Day Label,Active exercise,Sleep Bucket,Awake Bucket,% Awake,% Restorative sleep,Restorative sleep mins,Total Sleep Minutes,Total Activity Minutes,Total Sleep Hours,Total Activity Hours
0,2018-06-24,7,False,True,1996,1690,3367,3.01,0.0,59.0,0,1377,47,2,14,362,-1,11.0,133.10892,14.0,89.2088,0.0,0.0,446.51352,284.0,92.0,379.0,0.0,2018-06-24T22:17:00.000,2018-06-25T05:28:30.000,431.0,56.0,2.0,244.0,26.0,79.0,6.0,52.0,25.0,13.0,57.0,19.0,Sun,False,22.5,5.5,11.0,32.0,135.0,379.0,63,6.316666666666666,1.05
1,2018-06-25,1,True,False,2863,1685,8394,5.55,36.58,58.0,12,709,244,42,14,1361,-1,2.0,12.40518,94.0,514.11279,0.0,0.0,2311.92765,1326.0,95.0,333.0,0.0,2018-06-25T22:49:30.000,2018-06-26T05:16:30.000,387.0,75.0,3.0,214.0,27.0,44.0,7.0,54.0,30.0,20.0,56.0,12.0,Mon,False,23.0,5.5,12.0,32.0,119.0,333.0,300,5.55,5.0
2,2018-06-26,2,True,False,3398,1683,13569,9.68,24.38,57.0,8,687,231,33,102,2004,-1,10.0,103.59112,187.0,1245.54876,0.0,0.0,2034.05724,1232.0,89.0,351.0,0.0,2018-06-26T22:25:30.000,2018-06-27T05:07:30.000,402.0,53.0,3.0,223.0,28.0,75.0,7.0,51.0,29.0,14.0,56.0,19.0,Tue,True,22.5,5.5,11.0,33.0,128.0,351.0,366,5.85,6.1
3,2018-06-27,3,True,False,3442,1682,13337,9.33,33.53,57.0,11,665,243,30,100,2035,-1,11.0,114.28908,217.0,1310.46804,0.0,0.0,1986.0357,1187.0,97.0,365.0,0.0,2018-06-27T22:36:30.000,2018-06-28T05:24:00.000,407.0,66.0,4.0,197.0,32.0,102.0,10.0,42.0,32.0,17.0,49.0,26.0,Wed,True,23.0,5.5,8.0,43.0,168.0,365.0,373,6.083333333333333,6.216666666666667
4,2018-06-28,4,True,False,1701,1682,559,0.36,18.29,57.0,6,1025,8,0,0,25,-1,0.0,0.0,0.0,0.0,0.0,0.0,403.96356,329.0,,,,,,,0.0,,0.0,,0.0,,,,,,,Thu,False,,,,,,0.0,8,0.0,0.13333333333333333
5,2018-06-29,5,True,False,1681,1681,0,0.0,0.0,,0,1440,0,0,0,0,-1,,,,,,,,,,,,,,,0.0,,0.0,,0.0,,,,,,,Fri,False,,,,,,0.0,0,0.0,0.0
6,2018-06-30,6,False,True,1681,1681,0,0.0,0.0,,0,1440,0,0,0,0,-1,,,,,,,,,,,,,,,0.0,,0.0,,0.0,,,,,,,Sat,False,,,,,,0.0,0,0.0,0.0
7,2018-07-01,7,False,True,1718,1681,155,0.09,0.0,58.0,0,1427,13,0,0,46,-1,0.0,0.0,1.0,3.97018,0.0,0.0,233.77354,171.0,96.0,402.0,0.0,2018-07-01T22:34:00.000,2018-07-02T05:54:30.000,440.0,77.0,5.0,233.0,34.0,92.0,8.0,38.0,34.0,18.0,53.0,21.0,Sun,False,23.0,6.0,8.0,39.0,169.0,402.0,13,6.7,0.21666666666666667
8,2018-07-02,1,True,False,2867,1681,7554,4.81,27.43,58.0,9,701,245,22,32,1372,-1,7.0,73.09176,92.0,558.1128,0.0,0.0,2220.65844,1331.0,90.0,317.0,0.0,2018-07-02T23:54:30.000,2018-07-03T06:32:30.000,398.0,62.0,2.0,163.0,19.0,92.0,4.0,81.0,20.0,16.0,41.0,24.0,Mon,False,24.0,7.0,19.0,40.0,154.0,317.0,299,5.283333333333333,4.983333333333333
9,2018-07-03,2,True,False,2898,1681,10173,7.4,6.1,58.0,2,667,210,21,67,1481,-1,5.0,52.304,84.0,623.09475,3.0,38.294,1943.8875,1153.0,95.0,,0.0,2018-07-03T22:43:00.000,2018-07-04T05:18:30.000,395.0,0.0,,0.0,,0.0,,,,,,,Tue,True,23.0,5.5,,,,0.0,298,0.0,4.966666666666667
10,2018-07-04,3,True,False,3488,1681,14012,9.56,60.96,57.0,20,711,289,43,79,2136,-1,6.0,66.43075,158.0,1039.3085,2.0,26.619,2321.80725,1247.0,90.0,333.0,0.0,2018-07-04T22:47:00.000,2018-07-05T05:20:30.000,393.0,58.0,4.0,223.0,27.0,52.0,6.0,60.0,27.0,15.0,57.0,14.0,Wed,True,23.0,5.5,14.0,29.0,110.0,333.0,411,5.55,6.85
11,2018-07-05,4,True,False,3833,1681,15603,11.62,24.38,56.0,8,634,249,36,128,2474,-1,49.0,548.37475,167.0,1105.6225,2.0,25.9185,2120.18,1201.0,97.0,394.0,0.0,2018-07-05T22:36:00.000,2018-07-06T05:58:30.000,442.0,76.0,4.0,252.0,26.0,66.0,5.0,48.0,25.0,18.0,58.0,15.0,Thu,True,23.0,6.0,9.0,33.0,142.0,394.0,413,6.566666666666666,6.883333333333334
12,2018-07-06,5,True,False,3597,1681,14251,9.93,33.53,55.0,11,605,247,46,100,2230,-1,29.0,317.093,148.0,986.0705,2.0,28.7205,2167.347,1208.0,93.0,369.0,0.0,2018-07-06T22:29:30.000,2018-07-07T06:01:30.000,452.0,67.0,3.0,249.0,34.0,53.0,8.0,83.0,36.0,15.0,56.0,12.0,Fri,True,22.5,6.5,17.0,27.0,120.0,369.0,393,6.15,6.55
13,2018-07-07,6,False,True,3109,1681,12549,7.99,9.14,57.0,3,673,208,20,87,1682,-1,12.0,126.54616,118.0,854.30332,0.0,0.0,1975.00732,1185.0,93.0,270.0,0.0,2018-07-08T04:03:00.000,2018-07-08T09:09:30.000,306.0,46.0,3.0,180.0,19.0,44.0,2.0,36.0,18.0,16.0,59.0,15.0,Sat,True,4.5,9.5,10.0,31.0,90.0,270.0,315,4.5,5.25
14,2018-07-08,7,False,True,2809,1681,9315,5.72,21.34,58.0,7,858,218,4,54,1353,-1,14.0,145.45804,56.0,417.3455,0.0,0.0,2120.34862,1265.0,91.0,437.0,0.0,2018-07-08T22:23:30.000,2018-07-09T07:05:30.000,522.0,50.0,1.0,316.0,34.0,71.0,7.0,85.0,32.0,10.0,61.0,14.0,Sun,True,22.5,7.5,15.0,24.0,121.0,437.0,276,7.283333333333333,4.6
15,2018-07-09,1,True,False,2590,1680,6542,4.15,18.29,58.0,6,624,183,15,22,1021,-1,2.0,19.26045,61.0,376.45425,0.0,0.0,2175.49701,1362.0,94.0,,0.0,2018-07-09T22:45:30.000,2018-07-10T05:33:00.000,407.0,0.0,,0.0,,0.0,,,,,,,Mon,False,23.0,6.0,,,,0.0,220,0.0,3.6666666666666665
16,2018-07-10,2,True,False,3472,1681,13762,9.21,39.62,57.0,13,732,236,23,116,2089,-1,21.0,227.17604,138.0,1014.4706,1.0,12.8414,2161.09088,1247.0,91.0,329.0,0.0,2018-07-11T00:17:00.000,2018-07-11T06:37:00.000,380.0,69.0,3.0,185.0,21.0,75.0,8.0,51.0,22.0,19.0,49.0,20.0,Tue,True,0.5,7.0,12.0,39.0,144.0,329.0,375,5.483333333333333,6.25
17,2018-07-11,3,True,False,2477,1680,6647,4.63,0.0,57.0,0,925,28,33,74,943,-1,12.0,129.10338,96.0,703.99863,0.0,0.0,611.31501,455.0,,,,,,,0.0,,0.0,,0.0,,,,,,,Wed,True,,,,,,0.0,135,0.0,2.25
18,2018-07-12,4,True,False,1680,1680,0,0.0,0.0,,0,1440,0,0,0,0,-1,,,,,,,,,,,,,,,0.0,,0.0,,0.0,,,,,,,Thu,False,,,,,,0.0,0,0.0,0.0
19,2018-07-13,5,True,False,1680,1680,0,0.0,0.0,,0,1440,0,0,0,0,-1,,,,,,,,,,,,,,,0.0,,0.0,,0.0,,,,,,,Fri,False,,,,,,0.0,0,0.0,0.0
20,2018-07-14,6,False,True,1680,1680,0,0.0,0.0,,0,1440,0,0,0,0,-1,,,,,,,,,,,,,,,0.0,,0.0,,0.0,,,,,,,Sat,False,,,,,,0.0,0,0.0,0.0
21,2018-07-15,7,False,True,1680,1680,0,0.0,0.0,,0,1440,0,0,0,0,-1,,,,,,,,,,,,,,,0.0,,0.0,,0.0,,,,,,,Sun,False,,,,,,0.0,0,0.0,0.0
22,2018-07-16,1,True,False,2243,1680,4247,2.71,15.24,,5,1440,0,0,0,0,-1,,,,,,,,,98.0,348.0,0.0,2018-07-17T00:00:00.000,2018-07-17T06:28:30.000,388.0,51.0,2.0,226.0,31.0,71.0,5.0,40.0,31.0,14.0,59.0,19.0,Mon,False,,6.5,8.0,33.0,122.0,348.0,0,5.8,0.0
23,2018-07-17,2,True,False,3133,1680,10533,6.75,27.43,56.0,9,760,191,25,76,1649,-1,13.0,138.8968,131.0,900.37808,0.0,0.0,1932.76648,1181.0,91.0,382.0,0.0,2018-07-17T21:34:30.000,2018-07-18T05:28:30.000,474.0,48.0,3.0,268.0,30.0,66.0,7.0,92.0,29.0,11.0,57.0,14.0,Tue,True,22.0,5.5,18.0,25.0,114.0,382.0,292,6.366666666666666,4.866666666666666
24,2018-07-18,3,True,False,3071,1680,9186,5.77,24.38,57.0,8,661,239,14,52,1571,-1,10.0,105.73926,147.0,867.27201,0.0,0.0,2006.94516,1219.0,98.0,340.0,0.0,2018-07-19T00:11:30.000,2018-07-19T06:43:30.000,392.0,81.0,4.0,181.0,19.0,78.0,6.0,52.0,22.0,21.0,47.0,20.0,Wed,True,0.5,7.0,12.0,41.0,159.0,340.0,305,5.666666666666667,5.083333333333333
25,2018-07-19,4,True,False,3199,1680,9236,5.95,27.43,57.0,9,732,212,41,63,1726,-1,13.0,132.71064,184.0,1094.8336,0.0,0.0,1879.89232,1181.0,96.0,378.0,0.0,2018-07-20T00:11:30.000,2018-07-20T07:28:00.000,436.0,113.0,5.0,188.0,27.0,77.0,9.0,58.0,29.0,26.0,44.0,18.0,Thu,True,0.5,7.5,12.0,44.0,190.0,378.0,316,6.3,5.266666666666667
26,2018-07-20,5,True,False,2530,1680,6584,5.35,39.62,57.0,13,808,168,12,16,951,-1,4.0,49.25162,45.0,251.97689,6.0,86.59882,1931.08366,1211.0,,,,,,,0.0,,0.0,,0.0,,,,,,,Fri,False,,,,,,0.0,196,0.0,3.2666666666666666
27,2018-07-21,6,False,True,3438,1680,13842,9.13,33.53,57.0,11,1063,240,33,104,2110,-1,4.0,42.0192,176.0,1161.01384,0.0,0.0,1305.27976,616.0,95.0,235.0,0.0,2018-07-22T00:02:30.000,2018-07-22T04:26:30.000,264.0,57.0,2.0,109.0,18.0,69.0,7.0,29.0,20.0,22.0,42.0,27.0,Sat,True,0.5,4.5,9.0,49.0,126.0,235.0,377,3.9166666666666665,6.283333333333333
28,2018-07-22,7,False,True,2626,1680,7555,4.55,18.29,56.0,6,757,280,5,14,1191,-1,0.0,0.0,23.0,152.43632,0.0,0.0,2452.8708,1399.0,98.0,411.0,0.0,2018-07-22T23:09:00.000,2018-07-23T06:49:30.000,460.0,81.0,6.0,259.0,30.0,71.0,6.0,49.0,31.0,18.0,57.0,16.0,Sun,False,23.5,7.0,9.0,34.0,152.0,411.0,299,6.85,4.983333333333333
29,2018-07-23,1,True,False,2828,1680,7691,4.98,15.24,57.0,5,726,169,41,44,1279,-1,0.0,0.0,116.0,713.97624,0.0,0.0,2001.63128,1278.0,97.0,348.0,0.0,2018-07-23T22:42:00.000,2018-07-24T05:22:30.000,400.0,60.0,3.0,179.0,27.0,109.0,11.0,52.0,31.0,15.0,45.0,28.0,Mon,True,23.0,5.5,12.0,43.0,169.0,348.0,254,5.8,4.233333333333333
30,2018-07-24,2,True,False,3405,1680,9731,6.12,15.24,58.0,5,698,216,38,88,1955,-1,25.0,263.41447,200.0,1164.88251,5.0,65.82444,1803.98647,1123.0,,,,,,,0.0,,0.0,,0.0,,,,,,,Tue,True,,,,,,0.0,342,0.0,5.7
31,2018-07-25,3,True,False,3129,1680,11022,7.3,21.34,59.0,7,1135,190,43,72,1647,-1,6.0,61.8563,167.0,1031.24956,0.0,0.0,1512.21147,823.0,97.0,377.0,0.0,2018-07-25T22:21:00.000,2018-07-26T05:25:30.000,424.0,95.0,4.0,194.0,29.0,88.0,10.0,47.0,32.0,23.0,46.0,21.0,Wed,True,22.5,5.5,10.0,44.0,183.0,377.0,305,6.283333333333333,5.083333333333333
32,2018-07-26,4,True,False,2702,1680,7232,5.76,21.34,62.0,7,772,189,25,30,1155,-1,7.0,73.87743,81.0,488.54806,1.0,13.77178,2090.62623,1322.0,94.0,387.0,0.0,2018-07-26T23:46:30.000,2018-07-27T07:01:30.000,435.0,75.0,5.0,241.0,33.0,71.0,10.0,48.0,37.0,18.0,56.0,17.0,Thu,False,24.0,7.5,9.0,35.0,146.0,387.0,244,6.45,4.066666666666666
33,2018-07-27,5,True,False,2699,1680,8550,5.57,6.1,61.0,2,761,200,13,31,1149,-1,0.0,0.0,89.0,557.80488,0.0,0.0,1983.6564,1228.0,,,,,,,0.0,,0.0,,0.0,,,,,,,Fri,False,,,,,,0.0,244,0.0,4.066666666666666
34,2018-07-28,6,False,True,3293,1680,14865,9.43,0.0,61.0,0,1059,260,60,61,1970,-1,6.0,62.4452,212.0,1261.85992,0.0,0.0,1319.5196,667.0,98.0,195.0,0.0,2018-07-29T05:01:30.000,2018-07-29T08:40:30.000,219.0,47.0,2.0,127.0,18.0,21.0,2.0,24.0,16.0,22.0,58.0,10.0,Sat,True,5.5,9.0,10.0,32.0,68.0,195.0,381,3.25,6.35
35,2018-07-29,7,False,True,2748,1680,7613,4.82,103.63,59.0,34,780,364,0,0,1395,-1,0.0,0.0,58.0,296.35208,0.0,0.0,2345.13824,1315.0,96.0,,0.0,2018-07-30T05:28:00.000,2018-07-30T07:44:00.000,136.0,0.0,,0.0,,0.0,,,,,,,Sun,False,5.5,8.0,,,,0.0,364,0.0,6.066666666666666
36,2018-07-30,1,True,False,3182,1680,11774,8.1,179.83,59.0,59,948,287,35,34,1735,-1,8.0,81.5733,176.0,884.9361,0.0,0.0,1920.4152,1026.0,96.0,418.0,0.0,2018-07-30T22:29:00.000,2018-07-31T06:23:30.000,474.0,66.0,4.0,266.0,41.0,86.0,7.0,56.0,38.0,14.0,57.0,19.0,Mon,False,22.5,6.5,10.0,33.0,152.0,418.0,356,6.966666666666667,5.933333333333334
37,2018-07-31,2,True,False,3187,1680,12941,8.21,27.43,61.0,9,645,169,68,84,1752,-1,3.0,30.3446,210.0,1284.16013,0.0,0.0,1832.81384,1207.0,94.0,362.0,0.0,2018-07-31T22:46:00.000,2018-08-01T05:32:00.000,406.0,65.0,3.0,214.0,38.0,83.0,7.0,44.0,39.0,17.0,53.0,21.0,Tue,True,23.0,6.0,9.0,38.0,148.0,362.0,321,6.033333333333333,5.35
38,2018-08-01,3,True,False,3205,1680,9795,6.39,9.14,61.0,3,894,47,40,53,965,-1,15.0,164.80864,79.0,538.77952,9.0,114.15216,542.28112,377.0,,,,,,,0.0,,0.0,,0.0,,,,,,,Wed,True,,,,,,0.0,140,0.0,2.3333333333333335
39,2018-08-02,4,True,False,2600,1680,8270,5.38,39.62,,13,1440,0,0,0,0,-1,,,,,,,,,,,,,,,0.0,,0.0,,0.0,,,,,,,Thu,False,,,,,,0.0,0,0.0,0.0
40,2018-08-03,5,True,False,2952,1680,11278,6.16,36.58,,12,1440,0,0,0,0,-1,,,,,,,,,,,,,,,0.0,,0.0,,0.0,,,,,,,Fri,False,,,,,,0.0,0,0.0,0.0
41,2018-08-04,6,False,True,3131,1680,11771,7.47,64.01,,21,1296,45,24,75,950,-1,,,,,,,,,,,,,,,0.0,,0.0,,0.0,,,,,,,Sat,True,,,,,,0.0,144,0.0,2.4
42,2018-08-05,7,False,True,2888,1680,11385,7.45,39.62,,13,1084,320,18,18,1536,-1,,,,,,,,,,,,,,,0.0,,0.0,,0.0,,,,,,,Sun,False,,,,,,0.0,356,0.0,5.933333333333334
43,2018-08-06,1,True,False,2746,1680,6856,4.17,18.29,,6,1173,211,55,1,1175,-1,,,,,,,,,,,,,,,0.0,,0.0,,0.0,,,,,,,Mon,False,,,,,,0.0,267,0.0,4.45
44,2018-08-07,2,True,False,2497,1680,4366,2.78,0.0,61.0,0,1243,166,12,19,917,-1,0.0,0.0,123.0,611.44369,0.0,0.0,1393.63411,906.0,,,,,,,0.0,,0.0,,0.0,,,,,,,Tue,False,,,,,,0.0,197,0.0,3.283333333333333
45,2018-08-08,3,True,False,2371,1680,4808,3.64,0.0,60.0,0,1237,190,10,3,842,-1,2.0,21.35976,47.0,246.51264,0.0,0.0,1508.95616,883.0,,,,,,,0.0,,0.0,,0.0,,,,,,,Wed,False,,,,,,0.0,203,0.0,3.3833333333333333
46,2018-08-09,4,True,False,2803,1680,9082,6.01,18.29,59.0,6,1145,259,14,22,1364,-1,0.0,0.0,99.0,602.45702,0.0,0.0,2072.7696,1233.0,,,,,,,0.0,,0.0,,0.0,,,,,,,Thu,False,,,,,,0.0,295,0.0,4.916666666666667
47,2018-08-10,5,True,False,3046,1680,8817,5.86,21.34,59.0,7,1154,193,22,71,1546,-1,14.0,148.83075,159.0,906.17499,0.0,0.0,1403.44479,789.0,,,,,,,0.0,,0.0,,0.0,,,,,,,Fri,True,,,,,,0.0,286,0.0,4.766666666666667
48,2018-08-11,6,False,True,3186,1680,12643,8.32,94.49,58.0,31,1104,249,33,54,1744,-1,14.0,153.35694,149.0,916.87376,1.0,12.37126,2067.75107,1248.0,,,,,,,0.0,,0.0,,0.0,,,,,,,Sat,True,,,,,,0.0,336,0.0,5.6
49,2018-08-12,7,False,True,2094,1680,2456,1.52,9.14,59.0,3,1308,132,0,0,506,-1,0.0,0.0,15.0,60.2172,0.0,0.0,851.0931,416.0,95.0,371.0,0.0,2018-08-12T23:23:30.000,2018-08-13T06:33:30.000,430.0,80.0,4.0,205.0,34.0,86.0,6.0,59.0,33.0,19.0,48.0,20.0,Sun,False,23.5,7.0,13.0,39.0,166.0,371.0,132,6.183333333333334,2.2
50,2018-08-13,1,True,False,2733,1680,6609,3.94,33.53,60.0,11,762,183,44,21,1179,-1,0.0,0.0,126.0,696.00136,0.0,0.0,1906.27104,1202.0,95.0,371.0,0.0,2018-08-13T22:46:30.000,2018-08-14T05:40:00.000,413.0,47.0,3.0,259.0,25.0,65.0,8.0,42.0,26.0,12.0,63.0,16.0,Mon,False,23.0,6.0,9.0,28.0,112.0,371.0,248,6.183333333333334,4.133333333333334
51,2018-08-14,2,True,False,3770,1680,12875,8.75,24.38,61.0,8,626,206,75,120,2384,-1,22.0,229.68528,301.0,1649.46243,8.0,105.039,1679.34019,1051.0,95.0,384.0,0.0,2018-08-14T23:24:30.000,2018-08-15T06:34:30.000,430.0,97.0,5.0,220.0,27.0,67.0,9.0,46.0,31.0,23.0,52.0,16.0,Tue,True,23.5,7.0,9.0,39.0,164.0,384.0,401,6.4,6.683333333333334
52,2018-08-15,3,True,False,2961,1680,8611,5.34,12.19,62.0,4,715,180,63,52,1512,-1,8.0,54.62964,161.0,968.15862,0.0,0.0,1885.88988,1227.0,99.0,378.0,0.0,2018-08-15T23:11:30.000,2018-08-16T06:09:00.000,417.0,86.0,5.0,198.0,26.0,94.0,3.0,39.0,25.0,21.0,48.0,23.0,Wed,True,23.5,6.5,8.0,44.0,180.0,378.0,295,6.3,4.916666666666667
53,2018-08-16,4,True,False,2914,1680,6952,4.25,21.34,63.0,7,724,241,43,15,1399,-1,7.0,46.22112,152.0,778.98928,1.0,6.53632,2051.00384,1256.0,90.0,393.0,0.0,2018-08-16T22:16:30.000,2018-08-17T06:01:30.000,465.0,106.0,5.0,211.0,32.0,76.0,6.0,72.0,30.0,23.0,46.0,17.0,Thu,False,22.5,6.5,14.0,40.0,182.0,393.0,299,6.55,4.983333333333333
54,2018-08-17,5,True,False,2320,1680,4447,2.65,9.14,63.0,3,796,179,0,0,714,-1,0.0,0.0,75.0,194.7723,0.0,0.0,2112.3867,1354.0,,,,,,,0.0,,0.0,,0.0,,,,,,,Fri,False,,,,,,0.0,179,0.0,2.9833333333333334
55,2018-08-18,6,False,True,3163,1680,15528,10.22,18.29,64.0,6,1113,182,59,86,1801,-1,3.0,30.3498,200.0,1279.01061,0.0,0.0,843.37425,378.0,91.0,355.0,0.0,2018-08-19T02:22:30.000,2018-08-19T09:07:30.000,405.0,84.0,3.0,190.0,27.0,81.0,6.0,50.0,28.0,21.0,47.0,20.0,Sat,True,2.5,9.5,12.0,41.0,165.0,355.0,327,5.916666666666667,5.45
56,2018-08-19,7,False,True,2927,1680,12424,8.27,15.24,65.0,5,715,271,34,15,1511,-1,0.0,0.0,130.0,733.23504,0.0,0.0,2022.7576,1169.0,,,,,,,0.0,,0.0,,0.0,,,,,,,Sun,False,,,,,,0.0,320,0.0,5.333333333333333
57,2018-08-20,1,True,False,2757,1680,6548,4.3,18.29,64.0,6,1183,202,20,35,1256,-1,16.0,159.42586,123.0,614.59486,0.0,0.0,1502.40783,893.0,96.0,375.0,0.0,2018-08-20T22:28:00.000,2018-08-21T05:42:30.000,434.0,68.0,4.0,251.0,36.0,56.0,6.0,59.0,37.0,16.0,58.0,13.0,Mon,False,22.5,6.0,13.0,29.0,124.0,375.0,257,6.25,4.283333333333333
58,2018-08-21,2,True,False,2949,1681,11708,7.43,12.19,62.0,4,714,171,49,72,1503,-1,2.0,18.91188,144.0,929.13366,0.0,0.0,1952.24302,1260.0,96.0,393.0,0.0,2018-08-21T22:05:30.000,2018-08-22T05:33:30.000,448.0,74.0,4.0,271.0,29.0,48.0,5.0,55.0,31.0,17.0,61.0,11.0,Tue,True,22.5,6.0,11.0,28.0,122.0,393.0,292,6.55,4.866666666666666
59,2018-08-22,3,True,False,3291,1680,9556,6.42,51.82,62.0,17,689,155,63,85,1791,-1,24.0,249.43064,236.0,1267.92936,0.0,0.0,1626.25976,1063.0,97.0,358.0,0.0,2018-08-22T22:32:30.000,2018-08-23T05:27:00.000,414.0,61.0,4.0,190.0,28.0,107.0,8.0,56.0,28.0,15.0,46.0,26.0,Wed,True,23.0,5.5,13.0,41.0,168.0,358.0,303,5.966666666666667,5.05
60,2018-08-23,4,True,False,3163,1680,12264,8.04,27.43,63.0,9,710,202,34,80,1698,-1,11.0,110.40766,217.0,1199.42867,0.0,0.0,1795.58335,1173.0,98.0,373.0,0.0,2018-08-23T22:55:00.000,2018-08-24T05:53:00.000,418.0,73.0,5.0,234.0,35.0,66.0,9.0,45.0,36.0,18.0,56.0,16.0,Thu,True,23.0,6.0,10.0,34.0,139.0,373.0,316,6.216666666666667,5.266666666666667
61,2018-08-24,5,True,False,3114,1680,12716,8.37,18.29,63.0,6,692,230,32,68,1676,-1,6.0,59.517,201.0,1062.3201,0.0,0.0,1950.8739,1197.0,94.0,312.0,0.0,2018-08-24T23:02:30.000,2018-08-25T04:43:00.000,340.0,60.0,3.0,161.0,23.0,91.0,6.0,28.0,20.0,18.0,48.0,27.0,Fri,True,23.5,5.0,7.0,45.0,151.0,312.0,330,5.2,5.5
62,2018-08-25,6,False,True,2718,1680,8609,5.53,27.43,63.0,9,838,181,50,31,1281,-1,19.0,30.58326,369.0,1052.32095,0.0,0.0,1620.44586,1041.0,,,,,,,0.0,,0.0,,0.0,,,,,,,Sat,False,,,,,,0.0,262,0.0,4.366666666666666
63,2018-08-26,7,False,True,2585,1680,6541,4.25,39.62,63.0,13,1149,234,54,3,1183,-1,42.0,49.0224,517.0,920.80408,0.0,0.0,1564.28144,841.0,94.0,387.0,0.0,2018-08-26T23:09:00.000,2018-08-27T06:16:30.000,427.0,80.0,5.0,218.0,29.0,89.0,5.0,40.0,28.0,19.0,52.0,21.0,Sun,False,23.5,6.5,8.0,40.0,169.0,387.0,291,6.45,4.85
64,2018-08-27,1,True,False,2401,1680,5264,3.37,21.34,61.0,7,840,147,8,18,778,-1,1.0,10.96886,60.0,322.29778,0.0,0.0,1826.78195,1172.0,96.0,383.0,0.0,2018-08-27T22:36:30.000,2018-08-28T06:03:30.000,447.0,82.0,5.0,229.0,34.0,72.0,7.0,64.0,31.0,19.0,52.0,17.0,Mon,False,23.0,6.5,12.0,36.0,154.0,383.0,173,6.383333333333334,2.8833333333333333
65,2018-08-28,2,True,False,2295,1680,3041,1.61,18.29,60.0,6,845,148,0,0,590,-1,0.0,0.0,28.0,123.6914,0.0,0.0,2113.37259,1364.0,97.0,369.0,0.0,2018-08-28T22:41:30.000,2018-08-29T05:51:30.000,430.0,69.0,5.0,221.0,32.0,79.0,8.0,61.0,32.0,17.0,52.0,19.0,Tue,False,23.0,6.0,12.0,36.0,148.0,369.0,148,6.15,2.466666666666667
66,2018-08-29,3,True,False,3113,1680,10386,6.89,12.19,60.0,4,701,196,49,64,1616,-1,4.0,40.37474,214.0,1157.21473,0.0,0.0,1887.69413,1200.0,97.0,399.0,0.0,2018-08-29T22:20:30.000,2018-08-30T05:55:30.000,455.0,83.0,4.0,232.0,37.0,84.0,9.0,56.0,37.0,19.0,51.0,19.0,Wed,True,22.5,6.0,11.0,38.0,167.0,399.0,309,6.65,5.15
67,2018-08-30,4,True,False,2680,1680,4673,2.9,24.38,60.0,8,747,186,22,30,1139,-1,17.0,128.359,112.0,562.56249,2.0,14.81963,1809.39514,1169.0,96.0,377.0,0.0,2018-08-30T22:39:00.000,2018-08-31T06:00:30.000,441.0,75.0,4.0,194.0,33.0,108.0,11.0,64.0,35.0,18.0,44.0,25.0,Thu,False,23.0,,13.0,43.0,183.0,377.0,238,6.283333333333333,3.966666666666667
68,2018-08-31,5,True,False,3728,1680,17219,11.78,15.24,62.0,5,609,202,53,135,2353,-1,30.0,314.01279,276.0,1612.77249,2.0,24.97166,1601.57025,990.0,,,,,,,0.0,,0.0,,0.0,,,,,,,Fri,True,,,,,,0.0,390,0.0,6.5
69,2018-09-01,6,False,True,3010,1680,10646,6.81,0.0,62.0,0,1046,360,32,2,1681,-1,0.0,0.0,137.0,694.3055,0.0,0.0,1809.74521,875.0,97.0,441.0,0.0,2018-09-01T23:11:30.000,2018-09-02T07:29:30.000,498.0,54.0,3.0,276.0,44.0,111.0,11.0,57.0,41.0,11.0,56.0,23.0,Sat,False,23.5,7.5,10.0,34.0,165.0,441.0,394,7.35,6.566666666666666
70,2018-09-02,7,False,True,2980,1680,11392,7.06,27.43,61.0,9,578,310,27,27,1616,-1,0.0,0.0,108.0,645.99584,0.0,0.0,2309.41179,1317.0,96.0,338.0,0.0,2018-09-02T23:52:30.000,2018-09-03T06:23:30.000,391.0,74.0,3.0,218.0,28.0,46.0,6.0,53.0,28.0,19.0,56.0,12.0,Sun,False,24.0,6.5,13.0,31.0,120.0,338.0,364,5.633333333333334,6.066666666666666
71,2018-09-03,1,True,False,2590,1680,6393,4.1,39.62,62.0,13,825,170,35,19,1027,-1,0.0,0.0,92.0,482.39646,0.0,0.0,2013.48595,1319.0,97.0,368.0,0.0,2018-09-03T22:42:00.000,2018-09-04T05:56:30.000,434.0,91.0,3.0,230.0,29.0,47.0,5.0,66.0,28.0,21.0,53.0,11.0,Mon,False,23.0,6.0,15.0,32.0,138.0,368.0,224,6.133333333333334,3.7333333333333334
72,2018-09-04,2,True,False,3125,1680,11046,7.37,21.34,61.0,7,728,149,31,98,1624,-1,16.0,165.23304,181.0,1097.35276,0.0,0.0,1712.30906,1128.0,96.0,371.0,0.0,2018-09-04T22:41:30.000,2018-09-05T05:41:30.000,420.0,54.0,4.0,224.0,29.0,93.0,9.0,49.0,32.0,13.0,54.0,23.0,Tue,True,23.0,6.0,10.0,36.0,147.0,371.0,278,6.183333333333334,4.633333333333334
73,2018-09-05,3,True,False,2575,1680,7465,4.83,24.38,61.0,8,806,180,13,21,990,-1,0.0,0.0,72.0,449.37319,0.0,0.0,2098.0862,1350.0,99.0,397.0,0.0,2018-09-05T22:58:30.000,2018-09-06T06:15:30.000,437.0,53.0,6.0,267.0,32.0,77.0,7.0,40.0,34.0,13.0,62.0,18.0,Wed,False,23.0,6.5,7.0,31.0,130.0,397.0,214,6.616666666666666,3.566666666666667
74,2018-09-06,4,True,False,3016,1680,7591,4.83,36.58,62.0,12,712,191,59,41,1503,-1,3.0,28.58905,207.0,1087.66749,0.0,0.0,1893.06187,1224.0,99.0,367.0,0.0,2018-09-06T22:42:30.000,2018-09-07T05:42:30.000,420.0,46.0,4.0,250.0,32.0,71.0,6.0,53.0,32.0,11.0,60.0,17.0,Thu,True,23.0,6.0,12.0,28.0,117.0,367.0,291,6.116666666666666,4.85
75,2018-09-07,5,True,False,2369,1680,4157,2.54,6.1,63.0,2,844,167,9,0,743,-1,0.0,0.0,73.0,324.86496,0.0,0.0,1980.69606,1325.0,97.0,353.0,0.0,2018-09-07T23:16:30.000,2018-09-08T06:11:00.000,414.0,70.0,4.0,219.0,25.0,64.0,6.0,61.0,24.0,17.0,53.0,16.0,Fri,False,23.5,6.5,14.0,33.0,134.0,353.0,176,5.883333333333334,2.933333333333333
76,2018-09-08,6,False,True,2530,1680,6605,4.14,48.77,62.0,16,746,280,0,0,1083,-1,0.0,0.0,52.0,262.43581,0.0,0.0,2231.57956,1361.0,96.0,471.0,0.0,2018-09-08T23:08:30.000,2018-09-09T08:15:00.000,546.0,85.0,5.0,286.0,31.0,100.0,9.0,75.0,32.0,16.0,53.0,19.0,Sat,False,23.5,8.5,12.0,35.0,185.0,471.0,280,7.85,4.666666666666667
77,2018-09-09,7,False,True,2290,1680,3469,2.01,24.38,63.0,8,697,197,0,0,729,-1,0.0,0.0,31.0,127.1921,0.0,0.0,2151.7636,1403.0,,,,,,,0.0,,0.0,,0.0,,,,,,,Sun,False,,,,,,0.0,197,0.0,3.283333333333333
78,2018-09-10,1,True,False,2548,1680,4478,2.98,36.58,65.0,12,1259,150,14,17,903,-1,0.0,0.0,225.0,867.0067,0.0,0.0,930.0193,571.0,95.0,384.0,0.0,2018-09-10T23:02:30.000,2018-09-11T06:14:00.000,431.0,63.0,4.0,223.0,32.0,98.0,14.0,47.0,37.0,15.0,52.0,23.0,Mon,False,23.5,6.5,10.0,38.0,161.0,384.0,181,6.4,3.0166666666666666
79,2018-09-11,2,True,False,3044,1680,8649,5.4,33.53,65.0,11,666,289,38,16,1646,-1,1.0,9.10182,258.0,1216.60994,0.0,0.0,1736.81396,1154.0,96.0,381.0,0.0,2018-09-11T22:40:00.000,2018-09-12T05:53:00.000,433.0,78.0,4.0,204.0,32.0,99.0,9.0,52.0,33.0,19.0,48.0,23.0,Tue,False,23.0,6.0,10.0,42.0,177.0,381.0,343,6.35,5.716666666666667
80,2018-09-12,3,True,False,2951,1680,5539,3.31,3.05,65.0,1,712,223,26,46,1417,-1,20.0,160.79882,211.0,862.10572,3.0,36.05721,1867.50676,1191.0,97.0,360.0,0.0,2018-09-13T00:21:00.000,2018-09-13T07:00:00.000,399.0,73.0,5.0,236.0,36.0,51.0,5.0,39.0,33.0,19.0,60.0,13.0,Wed,True,0.5,,8.0,32.0,124.0,360.0,295,6.0,4.916666666666667
81,2018-09-13,4,True,False,2845,1680,7655,5.1,33.53,66.0,11,781,185,39,36,1293,-1,1.0,9.3352,195.0,971.56094,0.0,0.0,1829.34913,1222.0,96.0,405.0,0.0,2018-09-13T22:47:00.000,2018-09-14T06:29:30.000,462.0,72.0,2.0,260.0,31.0,73.0,5.0,57.0,29.0,16.0,57.0,16.0,Thu,False,23.0,6.5,11.0,32.0,145.0,405.0,260,6.75,4.333333333333333
82,2018-09-14,5,True,False,547,507,138,0.09,0.0,,0,0,11,0,0,49,-1,0.0,0.0,9.0,36.40728,0.0,0.0,468.97711,390.0,,,,,,,0.0,,0.0,,0.0,,,,,,,Fri,False,,,,,,0.0,11,0.0,0.18333333333333332
83,2018-09-15,6,False,True,2849,1680,8729,5.56,6.1,68.0,2,649,332,8,2,1429,-1,0.0,0.0,156.0,683.68671,0.0,0.0,2146.39586,1273.0,96.0,374.0,0.0,2018-09-16T00:31:00.000,2018-09-16T07:46:30.000,435.0,61.0,4.0,232.0,29.0,81.0,7.0,61.0,27.0,15.0,54.0,19.0,Sat,False,1.0,8.0,12.0,34.0,142.0,374.0,342,6.233333333333333,5.7
84,2018-09-16,7,False,True,2758,1680,10454,6.72,73.15,67.0,24,668,337,0,0,1388,-1,0.0,0.0,69.0,379.35919,0.0,0.0,2371.1408,1366.0,98.0,393.0,0.0,2018-09-16T22:20:30.000,2018-09-17T05:43:00.000,442.0,95.0,3.0,228.0,29.0,70.0,7.0,49.0,31.0,22.0,52.0,16.0,Sun,False,22.5,6.0,10.0,38.0,165.0,393.0,337,6.55,5.616666666666666
85,2018-09-17,1,True,False,2900,1680,7851,4.95,33.53,67.0,11,736,201,22,39,1333,-1,19.0,194.52223,234.0,875.29169,0.0,0.0,1786.05714,1160.0,97.0,387.0,0.0,2018-09-17T22:40:30.000,2018-09-18T05:58:30.000,438.0,65.0,4.0,259.0,30.0,63.0,5.0,51.0,30.0,15.0,60.0,15.0,Mon,False,23.0,6.0,10.0,30.0,128.0,387.0,262,6.45,4.366666666666666
86,2018-09-18,2,True,False,2935,1680,9979,6.57,27.43,67.0,9,740,183,24,55,1409,-1,26.0,270.95418,172.0,829.43252,1.0,12.13576,1684.42015,1128.0,99.0,434.0,0.0,2018-09-18T22:40:00.000,2018-09-19T06:28:30.000,468.0,83.0,5.0,248.0,33.0,103.0,12.0,34.0,37.0,18.0,53.0,23.0,Tue,True,23.0,6.5,6.0,41.0,186.0,434.0,262,7.233333333333333,4.366666666666666
87,2018-09-19,3,True,False,3326,1680,11274,7.36,21.34,66.0,7,606,276,33,57,1863,-1,22.0,226.3786,360.0,1404.71422,0.0,0.0,1663.29926,1038.0,99.0,377.0,0.0,2018-09-19T23:18:00.000,2018-09-20T06:20:30.000,422.0,65.0,2.0,239.0,31.0,73.0,7.0,45.0,31.0,16.0,57.0,18.0,Wed,True,23.5,6.5,9.0,34.0,138.0,377.0,366,6.283333333333333,6.1
88,2018-09-20,4,True,False,3398,1680,11535,7.44,12.19,67.0,4,650,225,59,84,2000,-1,26.0,251.70033,282.0,1420.81744,0.0,0.0,1686.75395,1105.0,98.0,394.0,0.0,2018-09-20T23:15:00.000,2018-09-21T06:56:30.000,461.0,96.0,6.0,203.0,30.0,95.0,11.0,67.0,28.0,21.0,45.0,21.0,Thu,True,23.5,7.0,13.0,42.0,191.0,394.0,368,6.566666666666666,6.133333333333334
89,2018-09-21,5,True,False,2595,1680,7443,4.84,48.77,66.0,16,698,256,23,2,1135,-1,0.0,0.0,68.0,325.68179,0.0,0.0,2172.18435,1298.0,97.0,,0.0,2018-09-22T14:53:00.000,2018-09-22T16:46:00.000,113.0,0.0,,0.0,,0.0,,,,,,,Fri,False,15.0,17.0,,,,0.0,281,0.0,4.683333333333334
90,2018-09-22,6,False,True,4085,1680,25570,16.62,320.04,65.0,105,658,581,78,10,3089,-1,0.0,0.0,350.0,1736.3472,0.0,0.0,2283.85668,1051.0,97.0,489.0,0.0,2018-09-22T22:43:00.000,2018-09-23T08:17:30.000,574.0,108.0,6.0,236.0,38.0,145.0,15.0,85.0,37.0,19.0,42.0,26.0,Sat,False,23.0,8.5,13.0,45.0,253.0,489.0,669,8.15,11.15
91,2018-09-23,7,False,True,2717,1680,8899,6.28,18.29,64.0,6,605,205,23,33,1256,-1,10.0,103.97079,100.0,488.11427,1.0,13.30266,2092.60177,1323.0,,,,,,,0.0,,0.0,,0.0,,,,,,,Sun,False,,,,,,0.0,261,0.0,4.35
92,2018-09-24,1,True,False,3047,1680,10833,5.98,27.43,63.0,9,1113,293,15,19,1565,-1,0.0,0.0,303.0,1293.27527,0.0,0.0,1697.72281,1102.0,98.0,425.0,0.0,2018-09-24T22:52:00.000,2018-09-25T06:38:00.000,466.0,57.0,5.0,262.0,31.0,106.0,12.0,41.0,31.0,13.0,57.0,23.0,Mon,False,23.0,7.0,7.0,36.0,163.0,425.0,327,7.083333333333333,5.45
93,2018-09-25,2,True,False,2832,1543,10069,6.87,24.38,63.0,8,580,192,39,46,1422,-1,0.0,0.0,225.0,1082.99989,0.0,0.0,1706.82463,1063.0,,,,,,,0.0,,0.0,,0.0,,,,,,,Tue,True,,,,,,0.0,277,0.0,4.616666666666666
94,2018-09-26,3,True,False,2276,1680,4892,3.19,24.38,63.0,8,898,138,3,12,657,-1,0.0,0.0,39.0,231.86303,0.0,0.0,1699.0064,1105.0,97.0,376.0,0.0,2018-09-26T22:57:00.000,2018-09-27T06:04:00.000,427.0,72.0,4.0,229.0,31.0,75.0,7.0,51.0,33.0,17.0,54.0,18.0,Wed,False,23.0,6.5,11.0,35.0,147.0,376.0,153,6.266666666666667,2.55
95,2018-09-27,4,True,False,3036,1680,9433,6.96,3.05,63.0,1,710,227,35,41,1531,-1,6.0,70.59745,205.0,991.51493,2.0,28.58905,1921.65092,1213.0,99.0,380.0,0.0,2018-09-27T22:55:00.000,2018-09-28T06:10:30.000,435.0,83.0,3.0,198.0,32.0,99.0,10.0,55.0,35.0,20.0,46.0,23.0,Thu,True,23.0,6.5,11.0,43.0,182.0,380.0,303,6.333333333333333,5.05
96,2018-09-28,5,True,False,2973,1680,8652,5.75,24.38,63.0,8,762,157,22,64,1412,-1,16.0,172.00106,176.0,882.40978,10.0,123.34133,1634.36014,1107.0,97.0,398.0,0.0,2018-09-28T22:41:00.000,2018-09-29T06:37:30.000,476.0,54.0,4.0,243.0,32.0,101.0,8.0,78.0,35.0,12.0,52.0,22.0,Fri,True,23.0,7.0,14.0,34.0,155.0,398.0,243,6.633333333333334,4.05
97,2018-09-29,6,False,True,3020,1680,10748,6.66,30.48,63.0,10,566,382,9,7,1698,-1,0.0,0.0,147.0,721.96103,0.0,0.0,2221.42753,1242.0,94.0,385.0,0.0,2018-09-30T01:24:00.000,2018-09-30T08:47:00.000,443.0,37.0,2.0,261.0,33.0,87.0,7.0,58.0,28.0,9.0,59.0,20.0,Sat,False,1.5,9.0,12.0,29.0,124.0,385.0,398,6.416666666666667,6.633333333333334
98,2018-09-30,7,False,True,3185,1680,12775,9.29,12.19,64.0,4,631,288,39,39,1826,-1,25.0,284.02346,158.0,815.19634,0.0,0.0,2064.01272,1238.0,95.0,397.0,0.0,2018-09-30T23:11:00.000,2018-10-01T06:31:30.000,440.0,109.0,2.0,183.0,25.0,105.0,14.0,43.0,31.0,25.0,42.0,24.0,Sun,False,23.5,7.0,9.0,49.0,214.0,397.0,366,6.616666666666666,6.1
99,2018-10-01,1,True,False,2491,1680,7166,4.79,18.29,62.0,6,803,167,4,26,872,-1,0.0,0.0,56.0,347.7362,0.0,0.0,2128.4256,1373.0,97.0,437.0,0.0,2018-10-01T22:54:30.000,2018-10-02T06:57:30.000,483.0,100.0,5.0,212.0,33.0,125.0,17.0,46.0,41.0,21.0,44.0,26.0,Mon,False,23.0,7.0,9.0,47.0,225.0,437.0,197,7.283333333333333,3.283333333333333
100,2018-10-02,2,True,False,2394,1680,6271,4.95,6.1,62.0,2,745,200,3,9,870,-1,1.0,10.5021,34.0,204.32419,0.0,0.0,2025.85509,1277.0,96.0,384.0,0.0,2018-10-02T22:49:30.000,2018-10-03T06:04:30.000,435.0,83.0,3.0,247.0,35.0,54.0,8.0,51.0,38.0,20.0,57.0,13.0,Tue,False,23.0,6.5,10.0,33.0,137.0,384.0,212,6.4,3.533333333333333
101,2018-10-03,3,True,False,3011,1680,10595,7.51,54.86,61.0,18,694,232,44,35,1519,-1,4.0,42.70854,162.0,861.40558,0.0,0.0,2041.14148,1251.0,96.0,390.0,0.0,2018-10-03T22:35:30.000,2018-10-04T05:59:00.000,443.0,106.0,5.0,219.0,33.0,65.0,6.0,53.0,34.0,24.0,50.0,15.0,Wed,False,23.0,6.0,11.0,39.0,171.0,390.0,311,6.5,5.183333333333334
102,2018-10-04,4,True,False,522,469,269,0.16,0.0,62.0,0,0,20,0,0,71,-1,0.0,0.0,1.0,4.43422,0.0,0.0,503.86742,390.0,,,,,,,0.0,,0.0,,0.0,,,,,,,Thu,False,,,,,,0.0,20,0.0,0.3333333333333333
103,2018-10-05,5,True,False,2665,1675,5844,3.4,6.1,63.0,2,790,277,0,0,1148,-1,0.0,0.0,119.0,499.56396,0.0,0.0,2116.45728,1279.0,95.0,380.0,0.0,2018-10-06T00:30:30.000,2018-10-06T07:32:30.000,422.0,82.0,3.0,209.0,30.0,89.0,9.0,42.0,31.0,20.0,50.0,22.0,Fri,False,0.5,8.0,8.0,42.0,171.0,380.0,277,6.333333333333333,4.616666666666666
104,2018-10-06,6,False,True,2947,1675,12079,8.08,18.29,63.0,6,756,170,24,68,1487,-1,27.0,279.216,131.0,796.11462,0.0,0.0,1454.48268,928.0,,,,,,,0.0,,0.0,,0.0,,,,,,,Sat,True,,,,,,0.0,262,0.0,4.366666666666666
105,2018-10-07,7,False,True,1272,1272,0,0.0,0.0,,0,1094,0,0,0,0,-1,,,,,,,,,,,,,,,0.0,,0.0,,0.0,,,,,,,Sun,False,,,,,,0.0,0,0.0,0.0
106,2018-10-08,1,True,False,3353,1675,11066,7.03,24.38,64.0,8,658,238,61,66,1920,-1,4.0,38.62488,297.0,1517.30628,0.0,0.0,1781.86344,1126.0,98.0,382.0,0.0,2018-10-08T22:34:30.000,2018-10-09T05:35:30.000,421.0,78.0,3.0,214.0,26.0,90.0,8.0,39.0,29.0,19.0,51.0,22.0,Mon,True,23.0,6.0,8.0,41.0,168.0,382.0,365,6.366666666666666,6.083333333333333
107,2018-10-09,2,True,False,1500,686,6763,5.14,3.05,,1,13,78,19,59,973,-1,22.0,227.4447,105.0,586.81896,0.0,0.0,648.36282,441.0,,,,,,,0.0,,0.0,,0.0,,,,,,,Tue,True,,,,,,0.0,156,0.0,2.6
108,2018-10-10,3,True,False,3162,1675,12982,9.28,33.53,65.0,11,695,232,23,69,1713,-1,11.0,107.96352,239.0,1222.26804,0.0,0.0,1780.35102,1155.0,95.0,376.0,0.0,2018-10-10T22:49:00.000,2018-10-11T05:54:00.000,425.0,80.0,3.0,221.0,34.0,75.0,6.0,49.0,32.0,19.0,52.0,18.0,Wed,True,23.0,6.0,11.0,37.0,155.0,376.0,324,6.266666666666667,5.4
109,2018-10-11,4,True,False,3034,1675,10386,6.54,27.43,64.0,9,686,269,19,41,1581,-1,2.0,20.24316,207.0,1043.22078,0.0,0.0,1902.97338,1177.0,93.0,402.0,0.0,2018-10-11T22:08:30.000,2018-10-12T05:53:30.000,465.0,98.0,4.0,238.0,30.0,66.0,8.0,63.0,31.0,22.0,52.0,15.0,Thu,True,22.5,6.0,11.0,37.0,164.0,402.0,329,6.7,5.483333333333333
110,2018-10-12,5,True,False,697,563,1081,0.62,0.0,65.0,0,0,32,8,1,167,-1,0.0,0.0,13.0,65.96478,0.0,0.0,603.92094,448.0,,,,,,,0.0,,0.0,,0.0,,,,,,,Fri,False,,,,,,0.0,41,0.0,0.6833333333333333
111,2018-10-13,6,False,True,2304,1675,6304,4.08,27.43,64.0,9,840,181,0,0,792,-1,0.0,0.0,62.0,328.42782,0.0,0.0,1598.16258,1057.0,98.0,396.0,0.0,2018-10-13T23:30:00.000,2018-10-14T06:45:30.000,435.0,87.0,3.0,180.0,27.0,129.0,14.0,39.0,29.0,20.0,42.0,30.0,Sat,False,23.5,7.0,8.0,50.0,216.0,396.0,181,6.6,3.0166666666666666
112,2018-10-14,7,False,True,3008,1675,11779,7.55,6.1,62.0,2,667,245,30,63,1639,-1,3.0,28.38696,151.0,940.72524,0.0,0.0,2011.5186,1267.0,97.0,403.0,0.0,2018-10-14T22:16:30.000,2018-10-15T05:55:30.000,459.0,95.0,4.0,204.0,25.0,104.0,8.0,56.0,28.0,21.0,45.0,23.0,Sun,True,22.5,6.0,11.0,44.0,199.0,403.0,338,6.716666666666667,5.633333333333334
113,2018-10-15,1,True,False,2896,1675,7794,4.95,33.53,60.0,11,668,270,34,9,1421,-1,0.0,0.0,154.0,785.52768,0.0,0.0,2058.86898,1245.0,95.0,337.0,0.0,2018-10-15T22:41:00.000,2018-10-16T05:13:00.000,392.0,63.0,3.0,206.0,23.0,68.0,6.0,55.0,23.0,17.0,53.0,18.0,Mon,False,23.0,5.5,12.0,35.0,131.0,337.0,313,5.616666666666666,5.216666666666667
114,2018-10-16,2,True,False,3010,1675,9593,6.18,21.34,61.0,7,736,237,36,39,1522,-1,0.0,0.0,202.0,1027.04952,0.0,0.0,1947.29892,1211.0,98.0,389.0,0.0,2018-10-16T23:03:30.000,2018-10-17T06:20:30.000,437.0,99.0,4.0,179.0,23.0,111.0,7.0,48.0,21.0,23.0,41.0,26.0,Tue,False,23.5,6.5,10.0,49.0,210.0,389.0,312,6.483333333333333,5.2
115,2018-10-17,3,True,False,577,516,455,0.2,0.0,61.0,0,0,17,0,0,74,-1,0.0,0.0,7.0,37.69416,0.0,0.0,506.079,410.0,,,,,,,0.0,,0.0,,0.0,,,,,,,Wed,False,,,,,,0.0,17,0.0,0.2833333333333333
